,test_cell,MAPE,RMSE,R_2
0,W5,0.014113156,0.025484802,0.15568227
1,W8,0.007313085,0.009187701,0.8915234
2,W9,0.008373509,0.009829391,0.8695747
3,W10,0.0072122547,0.009058205,0.88492996