,test_cell,MAPE,RMSE,R_2
0,W5,0.2288567647768583,0.25452681813209543,-83.21908569335938
1,W8,0.1297044368148539,0.14602667951114826,-26.402284622192383
2,W9,0.1642977583093727,0.16212241693112572,-34.48091125488281
3,W10,0.17430609566824776,0.16940214704702541,-39.245361328125
