,test_cell,MAPE,RMSE,R_2
0,W5,0.02649937,0.0696198,-5.3009915
1,W8,0.010117389,0.013491295,0.7661003
2,W9,0.00819714,0.011292445,0.8278589
3,W10,0.01045726,0.01216701,0.79239124
