,test_cell,MAPE,RMSE,R_2
0,W5,0.025976457,0.07340564,-6.0049047
1,W8,0.022608327,0.03002883,-0.15877521
2,W9,0.02458804,0.029043587,-0.1386993
3,W10,0.018809894,0.02107036,0.37738186
